,P,D
0,1.0,0.0
1,1.5,0.5
2,2.3333333333333335,1.0
3,2.5,0.5
4,3.2,1.0
5,4.333333333333333,1.5
6,4.857142857142857,1.0
7,4.875,0.5
8,5.555555555555555,1.1111111111111112
9,5.7,0.6
10,6.454545454545454,1.1818181818181819
11,6.666666666666667,0.6666666666666666
12,7.461538461538462,1.2307692307692308
13,8.785714285714286,1.7857142857142858
14,9.533333333333333,1.2666666666666666
15,9.75,0.75
16,10.529411764705882,1.2941176470588236
17,10.777777777777779,0.7777777777777778
18,11.631578947368421,1.368421052631579
19,11.95,0.85
20,12.857142857142858,1.4285714285714286
21,13.227272727272727,0.9090909090909091
22,14.173913043478262,1.4782608695652173
23,14.583333333333334,0.9583333333333334
24,14.48,0.44
25,15.0,1.0384615384615385
26,16.11111111111111,1.6296296296296295
27,16.678571428571427,1.1071428571428572
28,16.655172413793103,0.5172413793103449
29,17.233333333333334,1.1
30,17.29032258064516,0.5806451612903226
31,17.9375,1.15625
32,19.151515151515152,1.7272727272727273
33,19.88235294117647,1.2647058823529411
34,20.02857142857143,0.6857142857142857
35,20.75,1.25
36,20.972972972972972,0.7567567567567568
37,21.763157894736842,1.3157894736842106
38,22.05128205128205,0.8205128205128205
39,22.9,1.375
40,23.21951219512195,0.8536585365853658
41,24.095238095238095,1.4047619047619047
42,24.441860465116278,0.8837209302325582
43,25.34090909090909,1.4318181818181819
44,25.711111111111112,0.9111111111111111
45,26.630434782608695,1.4565217391304348
46,26.97872340425532,0.8936170212765957
47,27.875,1.4375
48,28.26530612244898,0.9387755102040817
49,29.2,1.48
50,29.58823529411765,0.9411764705882353
51,29.442307692307693,0.40384615384615385
52,29.867924528301888,0.9622641509433962
53,30.85185185185185,1.5185185185185186
54,31.363636363636363,1.0545454545454545
55,31.339285714285715,0.5178571428571429
56,31.87719298245614,1.0701754385964912
57,32.96551724137931,1.6206896551724137
58,33.54237288135593,1.11864406779661
59,33.6,0.6
60,34.21311475409836,1.1475409836065573
61,34.306451612903224,0.6290322580645161
62,34.96825396825397,1.1904761904761905
63,35.0625,0.625
64,35.723076923076924,1.1846153846153846
65,36.93939393939394,1.7424242424242424
66,37.64179104477612,1.2388059701492538
67,37.8235294117647,0.7205882352941176
68,38.56521739130435,1.2753623188405796
69,38.77142857142857,0.7428571428571429
70,39.53521126760563,1.295774647887324
71,39.75,0.75
72,40.52054794520548,1.3013698630136987
73,40.82432432432432,0.8378378378378378
74,41.68,1.3866666666666667
75,42.0,0.8552631578947368
76,42.87012987012987,1.4025974025974026
77,43.243589743589745,0.9102564102564102
78,44.177215189873415,1.4683544303797469
79,44.5875,0.95
80,45.55555555555556,1.5061728395061729
81,46.0,0.9878048780487805
82,47.0,1.5421686746987953
83,47.476190476190474,1.0238095238095237
84,48.50588235294118,1.576470588235294
85,49.01162790697674,1.058139534883721
86,49.0,0.5402298850574713
87,49.54545454545455,1.0909090909090908
88,50.640449438202246,1.6404494382022472
89,51.21111111111111,1.1222222222222222
90,51.24175824175824,0.5824175824175825
91,51.83695652173913,1.141304347826087
92,51.89247311827957,0.6021505376344086
93,52.51063829787234,1.1595744680851063
94,53.68421052631579,1.7157894736842105
95,54.354166666666664,1.21875
96,54.4639175257732,0.6597938144329897
97,55.13265306122449,1.2142857142857142
98,55.313131313131315,0.7272727272727273
99,56.06,1.29
100,56.2970297029703,0.7821782178217822
101,57.09803921568628,1.3431372549019607
102,57.37864077669903,0.8252427184466019
103,58.22115384615385,1.3846153846153846
104,58.56190476190476,0.8857142857142857
105,59.4622641509434,1.4433962264150944
106,59.8411214953271,0.9252336448598131
107,60.77777777777778,1.4814814814814814
108,61.174311926605505,0.944954128440367
109,62.127272727272725,1.5
110,62.567567567567565,0.990990990990991
111,63.5625,1.5446428571428572
112,64.01769911504425,1.008849557522124
113,65.02631578947368,1.5614035087719298
114,65.51304347826087,1.0434782608695652
115,65.47413793103448,0.5172413793103449
116,65.99145299145299,1.0683760683760684
117,67.05932203389831,1.61864406779661
118,67.63865546218487,1.134453781512605
119,67.69166666666666,0.6083333333333333
120,68.29752066115702,1.1570247933884297
121,68.30327868852459,0.5573770491803278
122,68.86178861788618,1.1056910569105691
123,69.96774193548387,1.653225806451613
124,70.552,1.136
125,70.61904761904762,0.6190476190476191
126,71.23622047244095,1.1653543307086613
127,71.3671875,0.6796875
128,72.04651162790698,1.2248062015503876
129,72.1923076923077,0.6923076923076923
130,72.8854961832061,1.2366412213740459
131,73.07575757575758,0.7348484848484849
132,73.81203007518798,1.2781954887218046
133,74.01492537313433,0.746268656716418
134,74.76296296296296,1.288888888888889
135,75.00735294117646,0.7867647058823529
136,75.7956204379562,1.3284671532846715
137,76.07246376811594,0.8188405797101449
138,76.89208633093526,1.3597122302158273
139,77.22857142857143,0.8785714285714286
140,78.1063829787234,1.4184397163120568
141,78.45774647887323,0.8943661971830986
142,79.35664335664336,1.4405594405594406
143,79.72916666666667,0.9166666666666666
144,80.64827586206897,1.4620689655172414
145,81.06849315068493,0.9657534246575342
146,82.03401360544218,1.510204081632653
147,82.47972972972973,0.9932432432432432
148,83.46979865771812,1.5369127516778522
149,83.93333333333334,1.0133333333333334
150,84.94039735099338,1.5562913907284768
151,85.4342105263158,1.0460526315789473
152,85.40522875816994,0.5228758169934641
153,85.92207792207792,1.0649350649350648
154,85.91612903225807,0.5419354838709678
155,86.4551282051282,1.0833333333333333
156,87.53503184713375,1.624203821656051
157,88.10759493670886,1.120253164556962
158,88.11949685534591,0.559748427672956
159,88.675,1.1
160,89.77018633540372,1.639751552795031
161,90.35185185185185,1.1296296296296295
162,90.40490797546012,0.6012269938650306
163,91.0,1.1402439024390243
164,92.13333333333334,1.6787878787878787
165,92.75903614457832,1.1746987951807228
166,92.88023952095809,0.6706586826347305
167,93.54166666666667,1.2083333333333333
168,93.6508875739645,0.6568047337278107
169,94.30588235294118,1.2
170,94.45029239766082,0.6900584795321637
171,95.1453488372093,1.2383720930232558
172,95.32947976878613,0.7283236994219653
173,96.06896551724138,1.2816091954022988
174,96.32,0.7942857142857143
175,97.125,1.3465909090909092
176,97.38983050847457,0.807909604519774
177,98.20786516853933,1.3595505617977528
178,98.50837988826815,0.8435754189944135
179,99.36111111111111,1.3944444444444444
180,99.70718232044199,0.8895027624309392
181,100.6043956043956,1.4395604395604396
182,100.97267759562841,0.912568306010929
183,101.8913043478261,1.4619565217391304
184,102.31891891891892,0.972972972972973
185,103.29569892473118,1.521505376344086
186,103.76470588235294,1.0160427807486632
187,104.78191489361703,1.5638297872340425
188,105.28042328042328,1.0476190476190477
189,106.32631578947368,1.5947368421052632
190,106.83246073298429,1.057591623036649
191,106.8125,0.53125
192,107.34196891191709,1.077720207253886
193,107.34020618556701,0.5463917525773195
194,107.8923076923077,1.0974358974358975
195,108.99489795918367,1.6479591836734695
196,109.59390862944163,1.1472081218274113
197,109.65656565656566,0.6111111111111112
198,110.2713567839196,1.1608040201005025
199,110.39,0.665
200,111.05970149253731,1.2139303482587065
201,111.23267326732673,0.7178217821782178
202,111.95566502463055,1.2660098522167487
203,112.16666666666667,0.7549019607843137
204,112.92682926829268,1.302439024390244
205,113.14563106796116,0.7621359223300971
206,113.91304347826087,1.3091787439613527
207,114.1201923076923,0.75
208,114.88038277511961,1.3014354066985645
209,115.13809523809523,0.8
210,115.9478672985782,1.3507109004739337
211,116.25,0.8443396226415094
212,117.10328638497653,1.3943661971830985
213,117.4392523364486,0.8785046728971962
214,118.32558139534883,1.427906976744186
215,118.70370370370371,0.9212962962962963
216,119.63133640552995,1.4700460829493087
217,120.03669724770643,0.9495412844036697
218,120.99086757990868,1.4977168949771689
219,121.45,1.0045454545454546
220,122.45701357466064,1.5520361990950227
221,122.95495495495496,1.045045045045045
222,124.0,1.5919282511210762
223,124.52678571428571,1.0758928571428572
224,124.52888888888889,0.5511111111111111
225,125.07964601769912,1.0973451327433628
226,125.10572687224669,0.5726872246696035
227,125.6842105263158,1.1228070175438596
228,125.7117903930131,0.5720524017467249
229,126.29130434782608,1.1217391304347826
230,126.34632034632034,0.5974025974025974
231,126.95258620689656,1.146551724137931
232,127.05579399141631,0.6437768240343348
233,127.7094017094017,1.1923076923076923
234,127.87659574468086,0.7063829787234043
235,128.59322033898306,1.2542372881355932
236,128.79324894514767,0.7383966244725738
237,129.5420168067227,1.2857142857142858
238,129.77405857740587,0.7698744769874477
239,130.55416666666667,1.3166666666666667
240,130.83402489626556,0.8174273858921162
241,131.6611570247934,1.3636363636363635
242,131.9506172839506,0.8271604938271605
243,132.78688524590163,1.3729508196721312
244,133.11020408163265,0.8612244897959184
245,133.97967479674796,1.4065040650406504
246,134.33198380566802,0.8906882591093117
247,135.2298387096774,1.435483870967742
248,135.6265060240964,0.9357429718875502
249,136.568,1.48
250,136.996015936255,0.9681274900398407
251,137.96825396825398,1.5119047619047619
252,138.42687747035572,1.0
253,139.4291338582677,1.5433070866141732
254,139.90980392156862,1.0235294117647058
255,140.93359375,1.56640625
256,141.431906614786,1.0428015564202335
257,142.47286821705427,1.5852713178294573
258,142.988416988417,1.0617760617760619
259,144.04615384615386,1.603846153846154
260,144.5977011494253,1.0996168582375478
261,144.6412213740458,0.5916030534351145
262,145.2281368821293,1.1330798479087452
263,145.24621212121212,0.5643939393939394
264,145.80754716981133,1.1056603773584905
265,146.90977443609023,1.6466165413533835
266,147.4943820224719,1.1310861423220975
267,148.61940298507463,1.671641791044776
268,149.23420074349443,1.1635687732342008
269,149.32222222222222,0.6370370370370371
270,149.95571955719558,1.1808118081180812
271,150.0735294117647,0.6654411764705882
272,150.73992673992674,1.2124542124542124
273,150.9014598540146,0.708029197080292
274,151.6109090909091,1.2545454545454546
275,151.7644927536232,0.6992753623188406
276,152.47292418772562,1.2527075812274369
277,152.67985611510792,0.7517985611510791
278,153.44086021505376,1.3046594982078854
279,153.69642857142858,0.8
280,154.50533807829183,1.3523131672597866
281,154.8049645390071,0.8439716312056738
282,155.6572438162544,1.3957597173144876
283,156.0,0.8873239436619719
284,156.89473684210526,1.4385964912280702
285,157.2762237762238,0.9265734265734266
286,158.20905923344947,1.4773519163763067
287,158.63541666666666,0.9722222222222222
288,159.61245674740485,1.5224913494809689
289,160.07241379310344,1.006896551724138
290,161.08247422680412,1.556701030927835
291,161.56164383561645,1.0273972602739727
292,162.59044368600684,1.57679180887372
293,163.1122448979592,1.0714285714285714
294,164.18305084745762,1.6203389830508474
295,164.7533783783784,1.1216216216216217
296,164.77777777777777,0.5757575757575758
297,165.35570469798657,1.1275167785234899
298,165.42809364548495,0.6220735785953178
299,166.05333333333334,1.1733333333333333
300,166.156146179402,0.6511627906976745
301,166.8112582781457,1.2019867549668874
302,166.8976897689769,0.6336633663366337
303,167.53618421052633,1.1842105263157894
304,167.59672131147542,0.6065573770491803
305,168.20915032679738,1.1568627450980393
306,169.371335504886,1.706840390879479
307,170.03571428571428,1.2110389610389611
308,170.19741100323625,0.7087378640776699
309,170.90967741935484,1.2580645161290323
310,171.10289389067523,0.7395498392282959
311,171.84615384615384,1.2884615384615385
312,172.08945686900958,0.7891373801916933
313,172.88216560509554,1.3375796178343948
314,173.17142857142858,0.834920634920635
315,174.0094936708861,1.3829113924050633
316,174.34069400630915,0.8769716088328076
317,175.22327044025158,1.4276729559748427
318,175.58934169278996,0.9122257053291536
319,176.50625,1.4625
320,176.92523364485982,0.9657320872274143
321,177.8944099378882,1.515527950310559
322,178.3560371517028,1.0092879256965945
323,179.3672839506173,1.558641975308642
324,179.8676923076923,1.0492307692307692
325,180.91717791411043,1.598159509202454
326,181.44648318042815,1.0795107033639144
327,182.52439024390245,1.6280487804878048
328,183.09422492401217,1.121580547112462
329,184.21212121212122,1.6696969696969697
330,184.82175226586102,1.163141993957704
331,184.92469879518072,0.6566265060240963
332,185.58258258258257,1.2102102102102101
333,185.7305389221557,0.7005988023952096
334,186.4358208955224,1.2567164179104477
335,186.625,0.7410714285714286
336,187.37685459940653,1.3026706231454006
337,187.59467455621302,0.7692307692307693
338,188.3746312684366,1.3303834808259587
339,188.65,0.8264705882352941
340,189.4868035190616,1.3870967741935485
341,189.80994152046785,0.8742690058479532
342,190.69387755102042,1.434402332361516
343,191.05523255813952,0.9127906976744186
344,191.9768115942029,1.472463768115942
345,192.36994219653178,0.9450867052023122
346,193.32276657060518,1.5043227665706052
347,193.77298850574712,1.0028735632183907
348,194.78223495702005,1.5616045845272206
349,195.28,1.0514285714285714
350,196.33618233618233,1.6096866096866096
351,196.88636363636363,1.1051136363636365
352,197.9943342776204,1.6628895184135977
353,198.58757062146893,1.1497175141242937
354,198.66478873239436,0.6338028169014085
355,199.30337078651687,1.1938202247191012
356,199.42016806722688,0.6722689075630253
357,200.0977653631285,1.2318435754189945
358,200.25069637883007,0.7075208913649025
359,200.9638888888889,1.2666666666666666
360,201.16620498614958,0.7562326869806094
361,201.9281767955801,1.3149171270718232
362,202.17355371900825,0.7988980716253443
363,202.97802197802199,1.3571428571428572
364,203.26027397260273,0.8356164383561644
365,204.10109289617486,1.3934426229508197
366,204.425068119891,0.8773841961852861
367,205.3070652173913,1.434782608695652
368,205.68563685636857,0.9322493224932249
369,206.62432432432433,1.491891891891892
370,207.0458221024259,0.9757412398921833
371,208.0268817204301,1.5349462365591398
372,208.48793565683647,1.0160857908847185
373,209.50802139037432,1.5748663101604279
374,210.01333333333332,1.0613333333333332
375,211.07712765957447,1.6196808510638299
376,211.6233421750663,1.103448275862069
377,211.64021164021165,0.5740740740740741
378,212.21635883905014,1.1319261213720317
379,212.26052631578946,0.6
380,212.86614173228347,1.1601049868766404
381,212.95549738219896,0.643979057591623
382,213.60574412532637,1.2036553524804177
383,213.7265625,0.6744791666666666
384,214.4077922077922,1.2337662337662338
385,214.5544041450777,0.6994818652849741
386,215.2609819121447,1.2583979328165376
387,215.4536082474227,0.7448453608247423
388,216.20565552699227,1.3033419023136248
389,216.45384615384614,0.8
390,217.2608695652174,1.3580562659846547
391,217.56887755102042,0.8596938775510204
392,218.4351145038168,1.4173027989821882
393,218.78934010152284,0.9060913705583756
394,219.70126582278482,1.4632911392405064
395,220.09595959595958,0.946969696969697
396,221.0478589420655,1.5037783375314862
397,221.5,1.0050251256281406
398,222.50877192982455,1.5614035087719298
399,223.0025,1.0475
400,222.97256857855362,0.5236907730673317
401,223.5,1.0796019900497513
402,223.51116625310175,0.5632754342431762
403,224.07920792079207,1.118811881188119
404,224.11851851851853,0.5901234567901235
405,224.71428571428572,1.145320197044335
406,224.7788697788698,0.6142506142506142
407,225.39950980392157,1.1691176470588236
408,225.44987775061125,0.5990220048899756
409,226.05853658536586,1.1560975609756097
410,226.08515815085158,0.5742092457420924
411,226.66990291262135,1.1310679611650485
412,226.64648910411623,0.5230024213075061
413,227.18115942028984,1.0797101449275361
414,228.2722891566265,1.636144578313253
415,228.85817307692307,1.1322115384615385
416,228.8273381294964,0.5155875299760192
417,229.35645933014354,1.0741626794258374
418,230.44391408114558,1.6324582338902147
419,231.02142857142857,1.1238095238095238
420,232.15676959619952,1.6817102137767221
421,232.79857819905214,1.1895734597156398
422,232.93144208037825,0.6808510638297872
423,233.62264150943398,1.2382075471698113
424,233.80235294117648,0.7270588235294118
425,234.5399061032864,1.284037558685446
426,234.76346604215456,0.7704918032786885
427,235.54439252336448,1.3271028037383177
428,235.83216783216784,0.8344988344988346
429,236.6767441860465,1.3906976744186046
430,237.0278422273782,0.8979118329466357
431,237.9351851851852,1.4537037037037037
432,238.33718244803694,0.9491916859122402
433,239.29493087557603,1.5046082949308757
434,239.7425287356322,0.9954022988505747
435,240.7454128440367,1.5504587155963303
436,241.2425629290618,1.045766590389016
437,242.2945205479452,1.6004566210045663
438,242.8382687927107,1.0933940774487472
439,243.93636363636364,1.6477272727272727
440,244.52607709750566,1.1405895691609977
441,244.5995475113122,0.6244343891402715
442,245.23024830699774,1.18058690744921
443,245.34459459459458,0.6644144144144144
444,246.01573033707865,1.2202247191011235
445,246.17937219730942,0.7130044843049327
446,246.8993288590604,1.2684563758389262
447,247.10491071428572,0.7544642857142857
448,247.8663697104677,1.3095768374164811
449,248.1288888888889,0.8111111111111111
450,248.94678492239467,1.3658536585365855
451,249.25221238938053,0.8539823008849557
452,250.11258278145695,1.4083885209713025
453,250.47577092511014,0.9118942731277533
454,251.39340659340658,1.4659340659340658
455,251.80043859649123,0.956140350877193
456,252.76148796498907,1.5098468271334793
457,253.22489082969432,1.0131004366812226
458,254.24183006535947,1.5664488017429194
459,254.7478260869565,1.0565217391304347
460,255.80694143167028,1.6095444685466378
461,256.35064935064935,1.0952380952380953
462,257.44708423326136,1.6479481641468683
463,258.0344827586207,1.1400862068965518
464,258.0967741935484,0.6150537634408603
465,258.7124463519313,1.167381974248927
466,258.81156316916486,0.6509635974304069
467,259.46367521367523,1.202991452991453
468,259.60341151385927,0.6908315565031983
469,260.29574468085104,1.2425531914893617
470,260.47133757961785,0.7261146496815286
471,261.1991525423729,1.277542372881356
472,261.42283298097254,0.773784355179704
473,262.20042194092827,1.3270042194092826
474,262.48,0.8294736842105264
475,263.31302521008405,1.3823529411764706
476,263.62893081761007,0.8658280922431866
477,264.4979079497908,1.4184100418410042
478,264.8496868475992,0.9018789144050104
479,265.75416666666666,1.4541666666666666
480,266.13929313929316,0.9355509355509356
481,267.07676348547716,1.487551867219917
482,267.4989648033126,0.9730848861283644
483,268.47314049586777,1.524793388429752
484,268.9463917525773,1.024742268041237
485,269.97119341563786,1.5761316872427984
486,270.48049281314167,1.0616016427104722
487,271.5409836065574,1.6127049180327868
488,272.0838445807771,1.096114519427403
489,272.1102040816327,0.5795918367346938
490,272.6883910386965,1.1303462321792261
491,272.7682926829268,0.6321138211382114
492,273.3995943204868,1.182555780933063
493,273.50607287449395,0.6578947368421053
494,274.16565656565655,1.2101010101010101
495,274.30040322580646,0.6854838709677419
496,274.98792756539234,1.2374245472837022
497,275.16265060240966,0.7248995983935743
498,275.8897795591182,1.276553106212425
499,276.108,0.768
500,276.87824351297405,1.3193612774451098
501,277.1374501992032,0.8087649402390438
502,277.9502982107356,1.3618290258449304
503,278.25,0.8492063492063492
504,279.1049504950495,1.4039603960396039
505,279.4367588932806,0.8814229249011858
506,280.32347140039445,1.435897435897436
507,280.6929133858268,0.9192913385826772
508,281.61689587426326,1.4734774066797642
509,282.02745098039213,0.9607843137254902
510,282.9921722113503,1.5146771037181996
511,283.44140625,1.0
512,284.44444444444446,1.553606237816764
513,284.92996108949416,1.0369649805447472
514,285.96893203883496,1.5902912621359224
515,286.4903100775194,1.073643410852713
516,286.48355899419727,0.5454545454545454
517,287.03088803088804,1.0984555984555984
518,287.0597302504817,0.5799614643545279
519,287.6442307692308,1.1346153846153846
520,287.7101727447217,0.6161228406909789
521,288.33141762452107,1.1704980842911878
522,288.4206500956023,0.638623326959847
523,289.0648854961832,1.1927480916030535
524,289.2,0.6838095238095238
525,289.8897338403042,1.2376425855513309
526,290.05882352941177,0.7172675521821632
527,290.782196969697,1.2708333333333333
528,290.9981096408318,0.7637051039697542
529,291.76981132075474,1.318867924528302
530,292.0188323917138,0.7966101694915254
531,292.8251879699248,1.3533834586466165
532,293.1125703564728,0.8348968105065666
533,293.9569288389513,1.3913857677902621
534,294.28598130841124,0.8766355140186916
535,295.17164179104475,1.4328358208955223
536,295.5512104283054,0.9273743016759777
537,296.48698884758363,1.483271375464684
538,296.9165120593692,0.9777365491651205
539,297.90185185185186,1.5333333333333334
540,298.36968576709796,1.0166358595194085
541,299.3929889298893,1.5719557195571956
542,299.89871086556167,1.0552486187845305
543,299.8529411764706,0.5036764705882353
544,300.3633027522936,1.0587155963302752
545,301.42857142857144,1.6135531135531136
546,301.9780621572212,1.0987202925045705
547,302.007299270073,0.5784671532846716
548,302.591985428051,1.132969034608379
549,302.66,0.6163636363636363
550,303.28312159709617,1.1705989110707804
551,303.3713768115942,0.6358695652173914
552,304.01627486437616,1.1916817359855334
553,304.14981949458485,0.6805054151624549
554,304.83963963963964,1.236036036036036
555,305.021582733813,0.7284172661870504
556,305.7594254937163,1.2836624775583483
557,305.98387096774195,0.7706093189964157
558,306.7638640429338,1.3255813953488371
559,307.03035714285716,0.8125
560,307.85204991087346,1.3672014260249554
561,308.15836298932385,0.8523131672597865
562,309.01953818827707,1.4067495559502665
563,309.36170212765956,0.8882978723404256
564,310.258407079646,1.4424778761061947
565,310.64134275618375,0.9293286219081273
566,311.5784832451499,1.4832451499118167
567,311.9982394366197,0.9665492957746479
568,312.9718804920914,1.5202108963093146
569,313.43333333333334,1.0087719298245614
570,314.44833625218916,1.5621716287215412
571,314.958041958042,1.0576923076923077
572,314.9476439790576,0.537521815008726
573,315.4912891986063,1.0905923344947734
574,315.5234782608696,0.5791304347826087
575,316.109375,1.1319444444444444
576,316.1698440207972,0.6065857885615251
577,316.78373702422147,1.1591695501730104
578,316.88428324697753,0.6459412780656304
579,317.53793103448277,1.1982758620689655
580,317.6764199655766,0.6833046471600689
581,318.37113402061857,1.238831615120275
582,318.55746140651803,0.7307032590051458
583,319.2996575342466,1.2859589041095891
584,319.51452991452993,0.7589743589743589
585,320.2849829351536,1.3139931740614335
586,320.52470187393527,0.7836456558773425
587,321.32142857142856,1.3401360544217686
588,321.60101867572155,0.8234295415959253
589,322.43728813559323,1.3796610169491526
590,322.7631133671743,0.8697123519458545
591,323.64527027027026,1.4256756756756757
592,324.0118043844857,0.9106239460370995
593,324.9343434343434,1.4663299663299663
594,325.3478991596639,0.957983193277311
595,326.31711409395973,1.5134228187919463
596,326.77051926298157,0.998324958123953
597,327.7792642140468,1.5535117056856187
598,328.2754590984975,1.0417362270450752
599,329.32666666666665,1.5966666666666667
600,329.8618968386023,1.08153078202995
601,330.9518272425249,1.6362126245847175
602,331.5223880597015,1.1177446102819237
603,331.55132450331126,0.5761589403973509
604,332.1404958677686,1.1355371900826445
605,332.2079207920792,0.6138613861386139
606,332.83525535420097,1.172981878088962
607,332.9457236842105,0.65625
608,333.615763546798,1.2151067323481117
609,333.7770491803279,0.7065573770491803
610,334.4975450081833,1.265139116202946
611,334.702614379085,0.75
612,335.46655791190864,1.3083197389885808
613,335.7100977198697,0.7882736156351792
614,336.51382113821137,1.3479674796747967
615,336.80194805194805,0.8327922077922078
616,337.64991896272284,1.3922204213938412
617,337.9822006472492,0.8770226537216829
618,338.87399030694667,1.4361873990306946
619,339.241935483871,0.9129032258064517
620,340.1690821256039,1.4718196457326893
621,340.59163987138265,0.9678456591639871
622,341.5730337078652,1.5264847512038524
623,342.0400641025641,1.0128205128205128
624,343.0656,1.5712
625,343.5766773162939,1.0575079872204474
626,344.64593301435406,1.6156299840510366
627,345.20063694267515,1.1019108280254777
628,345.23688394276627,0.5834658187599364
629,345.8365079365079,1.146031746031746
630,345.9128367670364,0.6228209191759112
631,346.55221518987344,1.1851265822784811
632,346.68088467614535,0.674565560821485
633,347.37223974763407,1.2365930599369086
634,347.5244094488189,0.6976377952755906
635,348.23899371069183,1.259433962264151
636,348.42072213500785,0.7268445839874411
637,349.16457680250784,1.2884012539184952
638,349.3943661971831,0.7746478873239436
639,350.1859375,1.3359375
640,350.4524180967239,0.8112324492979719
641,351.2819314641745,1.3738317757009346
642,351.6049766718507,0.8678071539657853
643,352.49068322981367,1.4301242236024845
644,352.86511627906975,0.9193798449612403
645,353.8018575851393,1.4814241486068112
646,354.225656877898,0.9690880989180835
647,355.21141975308643,1.5308641975308641
648,355.6825885978428,1.0169491525423728
649,356.7153846153846,1.5784615384615384
650,357.23348694316434,1.064516129032258
651,358.3128834355828,1.6257668711656441
652,358.8820826952527,1.116385911179173
653,358.9204892966361,0.5856269113149847
654,359.5221374045802,1.1480916030534352
655,359.6128048780488,0.6371951219512195
656,360.26788432267887,1.2009132420091324
657,360.3829787234043,0.6610942249240122
658,361.062215477997,1.2245827010622155
659,361.21060606060604,0.693939393939394
660,361.92284417549166,1.2571860816944025
661,362.119335347432,0.7416918429003021
662,362.88084464555055,1.306184012066365
663,363.1340361445783,0.7981927710843374
664,363.95187969924814,1.362406015037594
665,364.25375375375376,0.8468468468468469
666,365.119940029985,1.4107946026986506
667,365.47904191616766,0.9041916167664671
668,366.4035874439462,1.4693572496263079
669,366.81940298507465,0.9611940298507463
670,367.80029806259313,1.526080476900149
671,368.26785714285717,1.0133928571428572
672,369.3001485884101,1.5780089153046062
673,369.81899109792283,1.0652818991097923
674,369.8222222222222,0.5496296296296296
675,370.3905325443787,1.113905325443787
676,370.44756277695717,0.6026587887740029
677,371.0693215339233,1.1666666666666667
678,371.1458026509573,0.6215022091310751
679,371.7867647058824,1.1852941176470588
680,371.85168869309837,0.6093979441997063
681,372.4809384164223,1.1730205278592376
682,372.5402635431918,0.6032210834553441
683,373.16520467836256,1.1681286549707601
684,373.2,0.5781021897810219
685,373.801749271137,1.1443148688046647
686,373.8282387190684,0.5691411935953421
687,374.42151162790697,1.135174418604651
688,374.44267053701014,0.5631349782293179
689,375.0304347826087,1.1289855072463768
690,375.04196816208395,0.552821997105644
691,375.62138728323697,1.119942196531792
692,375.6233766233766,0.5425685425685426
693,376.19452449567723,1.1109510086455332
694,377.3338129496403,1.679136690647482
695,377.9669540229885,1.1738505747126438
696,379.167862266858,1.7417503586800573
697,379.86246418338106,1.2363896848137537
698,380.0572246065808,0.7367668097281831
699,380.82,1.3042857142857143
700,381.0784593437946,0.8002853067047075
701,381.90455840455843,1.3675213675213675
702,382.226173541963,0.8634423897581792
703,383.1150568181818,1.4303977272727273
704,383.4936170212766,0.9205673758865248
705,384.4390934844193,1.4872521246458923
706,384.8783592644979,0.9816124469589816
707,385.88418079096044,1.5480225988700564
708,386.3836389280677,1.0423131170662905
709,387.4492957746479,1.6084507042253522
710,388.0070323488045,1.1012658227848102
711,389.1306179775281,1.6671348314606742
712,389.7531556802244,1.1669004207573632
713,390.94117647058823,1.7324929971988796
714,391.6223776223776,1.2265734265734265
715,391.79748603351953,0.7206703910614525
716,392.53835425383545,1.2859135285913528
717,392.77298050139274,0.7799442896935933
718,393.57301808066757,1.344923504867872
719,393.8611111111111,0.8333333333333334
720,394.7142857142857,1.3980582524271845
721,395.0595567867036,0.8905817174515236
722,395.969571230982,1.4550484094052558
723,396.3756906077348,0.9516574585635359
724,397.34620689655173,1.5158620689655173
725,397.8126721763085,1.012396694214876
726,398.84319119669874,1.576341127922971
727,399.36813186813185,1.0714285714285714
728,400.4567901234568,1.635116598079561
729,401.0383561643836,1.1287671232876713
730,402.1846785225718,1.6935704514363885
731,402.8224043715847,1.185792349726776
732,402.95088676671213,0.6766712141882674
733,403.6444141689373,1.2411444141689374
734,403.8285714285714,0.7319727891156462
735,404.57744565217394,1.296195652173913
736,404.8168249660787,0.7869742198100407
737,405.62059620596204,1.3509485094850948
738,405.9133964817321,0.8403247631935047
739,406.77027027027026,1.404054054054054
740,407.1241565452092,0.9014844804318488
741,408.04177897574124,1.4649595687331536
742,408.4495289367429,0.955585464333782
743,409.4206989247312,1.5188172043010753
744,409.8859060402685,1.0134228187919463
745,410.9142091152815,1.5764075067024128
746,411.4310575635877,1.0655957161981258
747,412.51069518716577,1.6283422459893049
748,413.08277703604807,1.1214953271028036
749,414.21733333333333,1.684
750,414.84420772303594,1.1770972037283622
751,414.95877659574467,0.6648936170212766
752,415.63612217795486,1.2270916334661355
753,415.80371352785147,0.7175066312997348
754,416.5337748344371,1.2794701986754966
755,416.7579365079365,0.7738095238095238
756,417.5442536327609,1.3355350066050198
757,417.811345646438,0.816622691292876
758,418.6403162055336,1.378129117259552
759,418.96447368421053,0.8736842105263158
760,419.85019710906704,1.4349540078843628
761,420.2283464566929,0.9278215223097113
762,421.16775884665793,1.488859764089122
763,421.5955497382199,0.9777486910994765
764,422.5843137254902,1.538562091503268
765,423.06527415143603,1.031331592689295
766,424.1069100391134,1.5919165580182528
767,424.6432291666667,1.0872395833333333
768,425.739921976593,1.6475942782834851
769,426.32077922077923,1.1324675324675324
770,426.39429312581063,0.6251621271076524
771,427.0284974093264,1.1852331606217616
772,427.1487710219922,0.6714100905562742
773,427.82945736434107,1.231266149870801
774,427.99225806451614,0.7135483870967742
775,428.715206185567,1.2731958762886597
776,428.9189189189189,0.7541827541827542
777,429.68251928020567,1.313624678663239
778,429.9255455712452,0.7933247753530167
779,430.7282051282051,1.3525641025641026
780,431.01920614596673,0.8412291933418694
781,431.8695652173913,1.4002557544757033
782,432.19795657726695,0.8786717752234994
783,433.0854591836735,1.4375
784,433.45987261146496,0.9248407643312102
785,434.39312977099235,1.4834605597964376
786,434.8094027954257,0.9669631512071156
787,435.78426395939084,1.5253807106598984
788,436.23954372623575,1.0063371356147022
789,437.253164556962,1.5645569620253164
790,437.7509481668774,1.0493046776232617
791,438.8068181818182,1.6073232323232323
792,439.344262295082,1.08953341740227
793,440.4395465994962,1.6473551637279598
794,441.01635220125786,1.129559748427673
795,441.07035175879395,0.6067839195979899
796,441.6825595984944,1.164366373902133
797,441.7706766917293,0.6403508771929824
798,442.41927409261575,1.200250312891114
799,442.5525,0.685
800,443.24719101123594,1.2459425717852683
801,443.4214463840399,0.7256857855361596
802,444.1569115815691,1.286425902864259
803,444.3768656716418,0.7711442786069652
804,445.15776397515526,1.3316770186335403
805,445.4181141439206,0.8114143920595533
806,446.23915737298637,1.3717472118959109
807,446.53341584158414,0.8452970297029703
808,447.38813349814586,1.4054388133498146
809,447.72962962962964,0.8925925925925926
810,448.63131935881626,1.4525277435265105
811,449.01477832512313,0.9347290640394089
812,449.95817958179583,1.4944649446494465
813,450.3931203931204,0.9864864864864865
814,451.3877300613497,1.5460122699386503
815,451.8639705882353,1.0281862745098038
816,452.89963280293756,1.587515299877601
817,453.4168704156479,1.069682151589242
818,454.4932844932845,1.6288156288156288
819,455.0487804878049,1.1085365853658538
820,455.09135200974424,0.5956151035322778
821,455.6934306569343,1.1545012165450121
822,455.7703523693803,0.6294046172539489
823,456.40655339805824,1.1881067961165048
824,456.5284848484848,0.673939393939394
825,457.2094430992736,1.2324455205811138
826,457.37363966142686,0.7158403869407497
827,458.0978260869565,1.2753623188405796
828,458.2907117008444,0.744270205066345
829,459.0433734939759,1.3036144578313253
830,459.280385078219,0.7882069795427196
831,460.0769230769231,1.3473557692307692
832,460.35534213685474,0.82953181272509
833,461.19304556354916,1.3884892086330936
834,461.51616766467066,0.874251497005988
835,462.39832535885165,1.4330143540669857
836,462.7658303464755,0.918757467144564
837,463.69331742243435,1.4785202863961815
838,464.10131108462457,0.9594755661501788
839,465.06904761904764,1.519047619047619
840,465.51961950059456,1.0023781212841856
841,466.5296912114014,1.5617577197149644
842,467.02491103202846,1.047449584816133
843,468.0793838862559,1.6066350710900474
844,468.61538461538464,1.0887573964497042
845,469.71040189125296,1.6477541371158393
846,470.2857142857143,1.128689492325856
847,470.33254716981133,0.6002358490566038
848,470.9387514723204,1.1590106007067138
849,471.02,0.6341176470588236
850,471.66039952996476,1.1927144535840188
851,471.78169014084506,0.6737089201877934
852,472.4618991793669,1.2321219226260258
853,472.6288056206089,0.7189695550351288
854,473.35555555555555,1.2783625730994153
855,473.55957943925233,0.7558411214953271
856,474.32438739789967,1.3162193698949824
857,474.56526806526807,0.7925407925407926
858,475.36670547147844,1.3527357392316648
859,475.66046511627906,0.8453488372093023
860,476.51451800232286,1.40534262485482
861,476.8445475638051,0.8816705336426914
862,477.7346465816918,1.4414831981460023
863,478.1134259259259,0.9305555555555556
864,479.05202312138726,1.4901734104046243
865,479.4780600461894,0.9780600461893765
866,480.4636678200692,1.5374855824682814
867,480.93663594470047,1.0253456221198156
868,481.96892980437286,1.5845799769850404
869,482.48850574712645,1.0724137931034483
870,482.48794489092995,0.5522388059701493
871,483.04701834862385,1.1112385321100917
872,483.07216494845363,0.5773195876288659
873,483.6567505720824,1.1361556064073226
874,483.71885714285713,0.6137142857142858
875,484.3401826484018,1.1723744292237444
876,484.4458380843786,0.6567844925883695
877,485.1104783599089,1.215261958997722
878,485.25711035267346,0.6973833902161547
879,485.9625,1.2556818181818181
880,486.1566401816118,0.7446083995459705
881,486.9092970521542,1.3027210884353742
882,487.1472253680634,0.7882219705549264
883,487.9434389140271,1.3461538461538463
884,488.22146892655365,0.8282485875706215
885,489.05756207674943,1.3860045146726863
886,489.369785794814,0.8624577226606539
887,490.23986486486484,1.420045045045045
888,490.5838020247469,0.8942632170978627
889,491.48539325842694,1.451685393258427
890,491.8742985409652,0.9393939393939394
891,492.8206278026906,1.4966367713004485
892,493.2508398656215,0.9809630459126539
893,494.23825503355704,1.5380313199105144
894,494.7117318435754,1.0245810055865923
895,495.7421875,1.5814732142857142
896,496.25529542920845,1.064659977703456
897,497.3251670378619,1.621380846325167
898,497.880978865406,1.1078976640711902
899,497.92333333333335,0.5944444444444444
900,498.5227524972253,1.150943396226415
901,498.59423503325945,0.623059866962306
902,499.22259136212625,1.1794019933554818
903,499.32964601769913,0.6581858407079646
904,499.9944751381216,1.2154696132596685
905,500.1456953642384,0.7019867549668874
906,500.8555678059537,1.2601984564498345
907,501.0484581497797,0.7433920704845814
908,501.7997799779978,1.3014301430143014
909,502.0362637362637,0.7868131868131868
910,502.8309549945115,1.344676180021954
911,503.109649122807,0.8289473684210527
912,503.9463307776561,1.3866374589266155
913,504.2636761487965,0.8676148796498906
914,505.13879781420763,1.4251366120218578
915,505.49781659388645,0.9093886462882096
916,506.4143947655398,1.4667393675027263
917,506.81481481481484,0.9509803921568627
918,507.7725788900979,1.5081610446137106
919,508.2130434782609,0.991304347826087
920,509.21064060803474,1.5483170466883822
921,509.68980477223425,1.0303687635574836
922,510.72589382448535,1.5872156013001084
923,511.24242424242425,1.0681818181818181
924,511.2302702702703,0.5394594594594595
925,511.77645788336935,1.0971922246220303
926,511.7993527508091,0.5738942826321467
927,512.3836206896551,1.134698275862069
928,512.448869752422,0.6157158234660925
929,513.0752688172043,1.1763440860215053
930,513.1825993555317,0.6573576799140709
931,513.8508583690987,1.2178111587982832
932,513.9957127545551,0.6945337620578779
933,514.7012847965739,1.2548179871520342
934,514.8812834224599,0.7294117647058823
935,515.6217948717949,1.2895299145299146
936,515.8452508004269,0.7726787620064034
937,516.6289978678038,1.3326226012793176
938,516.8935037273695,0.8136315228966986
939,517.718085106383,1.373404255319149
940,518.0318809776833,0.8629117959617428
941,518.9055201698513,1.4225053078556262
942,519.2682926829268,0.911983032873807
943,520.1906779661017,1.4713983050847457
944,520.5978835978837,0.9566137566137566
945,521.5644820295983,1.5158562367864694
946,522.012671594509,0.9978880675818373
947,523.0200421940929,1.5569620253164558
948,523.522655426765,1.0526870389884089
949,523.4915789473685,0.5189473684210526
950,524.0199789695058,1.077812828601472
951,525.1071428571429,1.6365546218487395
952,525.6757607555089,1.118572927597062
953,525.7117400419287,0.5859538784067087
954,526.310994764398,1.1486910994764399
955,526.3953974895397,0.6338912133891214
956,527.042842215256,1.1964472309299896
957,527.1680584551149,0.6743215031315241
958,527.8561001042752,1.2367049009384776
959,528.0125,0.7052083333333333
960,528.732570239334,1.2684703433922997
961,528.9261954261955,0.7422037422037422
962,529.6832814122533,1.3052959501557633
963,529.9253112033196,0.7904564315352697
964,530.7305699481865,1.3533678756476684
965,531.0238095238095,0.8416149068322981
966,531.8800413650465,1.4043433298862462
967,532.2221074380166,0.890495867768595
968,533.1269349845202,1.453044375644995
969,533.5164948453609,0.9381443298969072
970,534.4685890834191,1.5005149330587024
971,534.9104938271605,0.9907407407407407
972,535.9146968139773,1.552929085303186
973,536.4065708418891,1.0410677618069815
974,537.4605128205128,1.603076923076923
975,538.0,1.089139344262295
976,538.0092118730809,0.5588536335721597
977,538.5828220858896,1.1226993865030674
978,538.6404494382023,0.6067415730337079
979,539.2622448979591,1.170408163265306
980,539.3649337410806,0.6513761467889908
981,540.0315682281059,1.2148676171079429
982,540.1678535096643,0.6846388606307223
983,540.8689024390244,1.2489837398373984
984,541.0446700507614,0.7238578680203046
985,541.7849898580122,1.2880324543610548
986,542.0050658561297,0.767983789260385
987,542.7894736842105,1.3319838056680162
988,543.036400404449,0.7947421638018201
989,543.8484848484849,1.3595959595959597
990,544.1533804238144,0.8526740665993946
991,545.023185483871,1.4173387096774193
992,545.3846928499496,0.9093655589123867
993,546.3118712273642,1.4748490945674044
994,546.732663316583,0.9688442211055276
995,547.718875502008,1.534136546184739
996,548.1905717151454,1.020060180541625
997,549.2274549098196,1.5851703406813626
998,549.7487487487488,1.07007007007007
999,550.835,1.635
1000,551.4095904095905,1.123876123876124
1001,551.4690618762475,0.6087824351297405
1002,552.0957128614158,1.1754735792622133
1003,552.2091633466135,0.6623505976095617
1004,552.889552238806,1.228855721393035
1005,553.0477137176938,0.7067594433399602
1006,553.772591857001,1.2730883813306852
1007,553.9751984126984,0.7509920634920635
1008,554.7443012884044,1.3171456888007929
1009,554.9990099009901,0.802970297029703
1010,555.8199802176064,1.3689416419386746
1011,556.1225296442688,0.8507905138339921
1012,556.9911154985192,1.416584402764067
1013,557.3461538461538,0.903353057199211
1014,558.2669950738916,1.4689655172413794
1015,558.6732283464567,0.9547244094488189
1016,559.6450344149459,1.52015732546706
1017,560.0982318271119,1.0019646365422397
1018,561.116781157998,1.5672227674190382
1019,561.621568627451,1.053921568627451
1020,562.6914789422135,1.6190009794319296
1021,563.2436399217221,1.101761252446184
1022,563.2717497556207,0.5777126099706745
1023,563.865234375,1.142578125
1024,563.9424390243903,0.6263414634146341
1025,564.5847953216374,1.1910331384015596
1026,564.6903602726387,0.6543330087633885
1027,565.3608949416342,1.2188715953307394
1028,565.4985422740525,0.6861030126336248
1029,566.2009708737864,1.250485436893204
1030,566.3840931134821,0.7313288069835111
1031,567.1317829457364,1.2955426356589148
1032,567.3659244917716,0.782187802516941
1033,568.1644100580271,1.3462282398452612
1034,568.4434782608696,0.8270531400966183
1035,569.2866795366796,1.390926640926641
1036,569.6142719382835,0.875602700096432
1037,570.5057803468208,1.439306358381503
1038,570.8835418671799,0.9258902791145333
1039,571.825,1.489423076923077
1040,572.2487992315082,0.9721421709894332
1041,573.2360844529751,1.5355086372360844
1042,573.7046979865772,1.0172579098753596
1043,574.7365900383141,1.5804597701149425
1044,575.2583732057416,1.0708133971291867
1045,575.2648183556405,0.5554493307839388
1046,575.8347659980898,1.1184336198662845
1047,575.888358778626,0.6020992366412213
1048,576.5061963775024,1.1658722592945663
1049,576.5952380952381,0.6371428571428571
1050,577.2483349191247,1.2007611798287345
1051,577.3707224334601,0.6701520912547528
1052,578.05698005698,1.2336182336182335
1053,578.219165085389,0.7096774193548387
1054,578.9450236966825,1.2729857819905213
1055,579.1382575757576,0.740530303030303
1056,579.8949858088931,1.303689687795648
1057,580.1379962192817,0.7901701323251418
1058,580.9442870632672,1.3531633616619452
1059,581.2349056603773,0.8377358490566038
1060,582.0885956644674,1.400565504241282
1061,582.4293785310734,0.8879472693032016
1062,583.3330197554092,1.4506114769520226
1063,583.7265037593985,0.9407894736842105
1064,584.6826291079813,1.503286384976526
1065,585.126641651032,0.9915572232645403
1066,586.133083411434,1.5538894095595126
1067,586.626404494382,1.0411985018726593
1068,587.6819457436857,1.6033676333021516
1069,588.2224299065421,1.088785046728972
1070,588.2147525676937,0.5406162464985994
1071,588.7695895522388,1.1026119402985075
1072,588.8126747437092,0.5908667287977633
1073,589.4199255121043,1.1545623836126628
1074,589.4920930232558,0.6195348837209302
1075,590.1291821561339,1.1840148698884758
1076,590.2358402971216,0.6536675951717734
1077,590.9072356215213,1.2179962894248608
1078,591.0518999073216,0.6913809082483782
1079,591.7620370370371,1.2564814814814815
1080,591.9352451433857,0.7197039777983348
1081,592.6737523105361,1.2846580406654344
1082,592.9012003693445,0.7737765466297323
1083,593.6937269372694,1.338560885608856
1084,593.973271889401,0.8258064516129032
1085,594.817679558011,1.3904235727440146
1086,595.1471941122355,0.8758049678012879
1087,596.0413602941177,1.4402573529411764
1088,596.4178145087236,0.9228650137741047
1089,597.3587155963303,1.4871559633027522
1090,597.7910174152154,0.9789184234647113
1091,598.7875457875458,1.543040293040293
1092,599.2735590118939,1.0329368709972553
1093,600.3235831809872,1.5968921389396709
1094,600.8611872146118,1.084931506849315
1095,600.8686131386861,0.5547445255474452
1096,601.4402917046491,1.1185050136736554
1097,601.4972677595629,0.6038251366120219
1098,602.1182893539582,1.167424931756142
1099,602.21,0.6381818181818182
1100,602.8655767484105,1.2016348773841963
1101,602.9954627949184,0.6760435571687841
1102,603.6890299184043,1.2393472348141432
1103,603.8469202898551,0.7038043478260869
1104,604.5683257918552,1.2669683257918551
1105,604.7766726943942,0.7540687160940326
1106,605.5483288166215,1.3170731707317074
1107,605.8104693140795,0.8077617328519856
1108,606.6357078449054,1.3706041478809738
1109,606.9441441441442,0.8540540540540541
1110,607.8154815481548,1.4167416741674168
1111,608.1771582733813,0.9073741007194245
1112,609.1015274034143,1.4699011680143756
1113,609.5215439856373,0.9658886894075404
1114,610.5040358744394,1.5282511210762333
1115,610.9731182795699,1.0152329749103943
1116,612.0044762757386,1.577439570277529
1117,612.5259391771019,1.0679785330948122
1118,613.609472743521,1.6300268096514745
1119,614.1830357142857,1.1205357142857142
1120,614.2078501338091,0.5718108831400536
1121,614.7950089126559,1.1336898395721926
1122,614.8691006233304,0.6206589492430988
1123,615.5062277580071,1.1832740213523132
1124,615.6151111111111,0.6551111111111111
1125,616.2868561278863,1.2175843694493784
1126,616.4294587400177,0.6885536823425022
1127,617.1347517730496,1.250886524822695
1128,617.3215234720992,0.7325066430469442
1129,618.070796460177,1.2946902654867256
1130,618.3094606542883,0.784261715296198
1131,619.1104240282685,1.3462897526501767
1132,619.4007060900265,0.8358340688437775
1133,620.2530864197531,1.3977072310405643
1134,620.5911894273128,0.8837004405286344
1135,621.4911971830986,1.4454225352112675
1136,621.8768689533861,0.9313984168865436
1137,622.8242530755712,1.4929701230228472
1138,623.2563652326602,0.9780509218612818
1139,624.25,1.5394736842105263
1140,624.7274320771253,1.0236634531113058
1141,625.7661996497374,1.584938704028021
1142,626.2834645669292,1.063867016622922
1143,627.3618881118881,1.625
1144,627.9379912663755,1.1231441048034934
1145,627.9493891797557,0.5584642233856894
1146,628.5222319093286,1.1194420226678292
1147,628.5287456445993,0.5531358885017421
1148,629.0966057441253,1.114012184508268
1149,629.1008695652174,0.5504347826086956
1150,629.666377063423,1.11120764552563
1151,630.7925347222222,1.671875
1152,631.4067649609714,1.1604509973980919
1153,631.4982668977469,0.6377816291161178
1154,632.1515151515151,1.199134199134199
1155,632.273356401384,0.6678200692041523
1156,632.9567847882455,1.2290406222990493
1157,633.1243523316062,0.7132987910189983
1158,633.8533218291631,1.2743744607420189
1159,634.071551724138,0.7637931034482759
1160,634.8509905254091,1.3247200689061154
1161,635.1196213425129,0.8141135972461274
1162,635.9492691315563,1.3748925193465176
1163,636.2714776632303,0.8676975945017182
1164,637.1545064377682,1.4283261802575107
1165,637.5214408233276,0.9125214408233276
1166,638.4490145672665,1.4730077120822622
1167,638.8638698630137,0.9606164383561644
1168,639.8391787852865,1.5209580838323353
1169,640.3017094017094,1.0085470085470085
1170,641.3245089666951,1.5687446626814687
1171,641.8310580204778,1.052901023890785
1172,641.8218243819267,0.5370843989769821
1173,642.3747870528109,1.0988074957410563
1174,643.4893617021277,1.6604255319148937
1175,644.0926870748299,1.1496598639455782
1176,644.17841971113,0.6321155480033984
1177,644.8268251273345,1.1943972835314092
1178,644.9033078880407,0.6225614927905004
1179,645.542372881356,1.1847457627118645
1180,645.6164267569856,0.619813717188823
1181,646.2529610829104,1.1818950930626058
1182,646.301775147929,0.5942519019442096
1183,646.9130067567568,1.15625
1184,646.9848101265823,0.6168776371308017
1185,647.6197301854975,1.1795952782462058
1186,647.664700926706,0.5897219882055602
1187,648.273569023569,1.1531986531986531
1188,649.4457527333894,1.7165685449957948
1189,650.1109243697479,1.2100840336134453
1190,650.2586062132661,0.6926952141057935
1191,650.9697986577181,1.2558724832214765
1192,651.1718357082984,0.7468566638725901
1193,651.9371859296482,1.3098827470686767
1194,652.1824267782426,0.7899581589958159
1195,652.9908026755853,1.3528428093645486
1196,653.2865497076024,0.8404344193817878
1197,654.1452420701169,1.4031719532554257
1198,654.4962468723936,0.8957464553794829
1199,655.41,1.4583333333333333
1200,655.8151540383014,0.9500416319733556
1201,656.7828618968387,1.5124792013311148
1202,657.2460515378222,1.0083125519534497
1203,658.2715946843854,1.5705980066445182
1204,658.7892116182572,1.0630705394190871
1205,659.8689883913764,1.6252072968490878
1206,660.4407622203811,1.1176470588235294
1207,661.5745033112582,1.679635761589404
1208,662.1968569065343,1.1687344913151365
1209,663.3809917355372,1.7305785123966941
1210,664.0520231213873,1.218001651527663
1211,664.2128712871287,0.7079207920792079
1212,664.9356966199506,1.2695795548227535
1213,665.1457990115322,0.757001647446458
1214,665.917695473251,1.3185185185185184
1215,666.1768092105264,0.805921052631579
1216,666.9983566146261,1.3681183237469186
1217,667.3111658456486,0.8596059113300493
1218,668.1862182116489,1.4216570959803116
1219,668.5491803278688,0.9098360655737705
1220,669.4742014742014,1.4717444717444716
1221,669.8870703764321,0.9599018003273322
1222,670.8618152085037,1.5216680294358136
1223,671.3218954248366,1.0073529411764706
1224,672.3436734693878,1.5689795918367346
1225,672.8531810766721,1.0570962479608483
1226,673.924205378973,1.6185819070904646
1227,674.4845276872965,1.1083061889250814
1228,675.606183889341,1.6696501220504476
1229,676.2162601626017,1.1585365853658536
1230,677.3874898456539,1.7197400487408612
1231,678.0462662337662,1.2077922077922079
1232,678.1922141119221,0.6950527169505272
1233,678.8995137763371,1.2560777957860616
1234,679.0939271255061,0.7433198380566801
1235,679.8495145631068,1.3042071197411003
1236,680.0913500404204,0.7906224737267583
1237,680.8941841680129,1.351373182552504
1238,681.1872477804682,0.8418079096045198
1239,682.041129032258,1.4024193548387096
1240,682.3835616438356,0.8912167606768735
1241,683.2866344605475,1.4516908212560387
1242,683.67417538214,0.9364440868865648
1243,684.6221864951768,1.4967845659163987
1244,685.0578313253012,0.9847389558232932
1245,686.053772070626,1.5449438202247192
1246,686.5348837209302,1.0304731355252605
1247,687.5761217948718,1.5905448717948718
1248,688.107285828663,1.0808646917534028
1249,689.1984,1.6408
1250,689.7785771382894,1.1302957633892885
1251,690.9185303514377,1.6900958466453675
1252,691.5442936951317,1.1763766959297686
1253,691.6499202551834,0.6562998405103668
1254,692.3155378486056,1.2159362549800796
1255,692.46974522293,0.7046178343949044
1256,693.1837708830549,1.26412092283214
1257,693.3799682034976,0.746422893481717
1258,694.1358220810167,1.3057982525814138
1259,694.3793650793651,0.7936507936507936
1260,695.182394924663,1.3528945281522602
1261,695.4706814580031,0.838351822503962
1262,696.3182897862233,1.3974663499604116
1263,696.6542721518987,0.8860759493670886
1264,697.5494071146245,1.4450592885375495
1265,697.9352290679304,0.9360189573459715
1266,698.8800315706393,1.4948697711128651
1267,699.3091482649842,0.9794952681388013
1268,700.2970843183609,1.5382190701339638
1269,700.7685039370078,1.022047244094488
1270,701.7985837922895,1.5806451612903225
1271,702.312106918239,1.0644654088050314
1272,703.3841319717203,1.6229379418695993
1273,703.9395604395604,1.1067503924646782
1274,705.0533333333333,1.6650980392156862
1275,705.653605015674,1.152037617554859
1276,705.7361002349256,0.6342991386061081
1277,706.3779342723004,1.1932707355242567
1278,706.5043002345583,0.6778733385457388
1279,707.18984375,1.23671875
1280,707.3614363778298,0.7228727556596409
1281,708.0920436817472,1.281591263650546
1282,708.3055339049104,0.764614185502728
1283,709.078660436137,1.32398753894081
1284,709.3377431906615,0.8101167315175097
1285,710.1562986003111,1.369362363919129
1286,710.4529914529915,0.8477078477078477
1287,711.3090062111801,1.406832298136646
1288,711.6508921644686,0.8929402637703646
1289,712.5519379844961,1.451937984496124
1290,712.9372579395817,0.9364833462432223
1291,713.8815789473684,1.4953560371517027
1292,714.3116782675947,0.9814385150812065
1293,715.3006182380217,1.5401854714064915
1294,715.7745173745174,1.0254826254826255
1295,716.8070987654321,1.584104938271605
1296,717.3207401696222,1.0655358519660756
1297,718.3929121725732,1.6240369799691834
1298,718.9484218629715,1.1077752117013087
1299,720.0623076923077,1.666153846153846
1300,720.6617986164489,1.1521906225980016
1301,720.7396313364055,0.630568356374808
1302,721.3775901765157,1.190330007674597
1303,721.4992331288344,0.674079754601227
1304,722.1808429118774,1.2337164750957854
1305,722.3499234303216,0.7212863705972435
1306,723.0788064269319,1.28079571537873
1307,723.2874617737003,0.7607033639143731
1308,724.0557677616501,1.3200916730328496
1309,724.3083969465649,0.8045801526717558
1310,725.1205186880244,1.3638443935926774
1311,725.4169207317074,0.8483231707317073
1312,726.2726580350343,1.4074638233054075
1313,726.6057838660579,0.8850837138508372
1314,727.4980988593156,1.444106463878327
1315,727.870820668693,0.9247720364741642
1316,728.8025816249051,1.483675018982536
1317,729.2200303490137,0.9696509863429439
1318,730.1963608794541,1.5284306292645944
1319,730.6583333333333,1.0143939393939394
1320,731.6790310370931,1.5730507191521574
1321,732.1815431164902,1.0552193645990924
1322,733.2426303854875,1.6137566137566137
1323,733.7885196374623,1.098942598187311
1324,734.8928301886792,1.6573584905660377
1325,735.4819004524887,1.1425339366515836
1326,735.5463451394122,0.6179351921627732
1327,736.1694277108434,1.1762048192771084
1328,736.2768999247554,0.6606471030850264
1329,736.9436090225564,1.219548872180451
1330,737.0939143501126,0.7032306536438768
1331,737.8040540540541,1.2627627627627627
1332,737.9969992498125,0.7456864216054013
1333,738.7496251874063,1.3050974512743627
1334,738.9827715355805,0.7857677902621722
1335,739.7761976047905,1.345808383233533
1336,740.0545998504114,0.8309648466716529
1337,740.8946188340807,1.3923766816143497
1338,741.2188200149366,0.876773711725168
1339,742.1044776119403,1.4380597014925374
1340,742.4697986577181,0.9179716629381058
1341,743.397913561848,1.4806259314456036
1342,743.8086373790022,0.9635145197319435
1343,744.7842261904761,1.5282738095238095
1344,745.2453531598513,1.0141263940520446
1345,746.2711738484398,1.5787518573551262
1346,746.778025241277,1.0601336302895323
1347,747.8494065281899,1.6246290801186944
1348,748.4017790956264,1.106004447739066
1349,749.5185185185185,1.6703703703703703
1350,750.1154700222057,1.15099925980755
1351,750.1930473372781,0.6316568047337278
1352,750.8359201773836,1.19660014781966
1353,750.9519940915804,0.6698670605612999
1354,751.6346863468634,1.2361623616236161
1355,751.7986725663717,0.717551622418879
1356,752.5291083271924,1.283714075165807
1357,752.740058910162,0.7643593519882179
1358,753.5172921265637,1.3303899926416483
1359,753.785294117647,0.8213235294117647
1360,754.6193975018368,1.387215282880235
1361,754.9331864904552,0.8671071953010279
1362,755.8129126925899,1.4328686720469552
1363,756.174486803519,0.9149560117302052
1364,757.1018315018315,1.4805860805860807
1365,757.5131771595901,0.9648609077598829
1366,758.4901243599122,1.5303584491587419
1367,758.9473684210526,1.0109649122807018
1368,759.9700511322133,1.5763330898466033
1369,760.4759124087591,1.0598540145985402
1370,761.5470459518599,1.62509117432531
1371,762.0991253644315,1.1064139941690962
1372,763.2163146394756,1.671522214129643
1373,763.8165938864629,1.1550218340611353
1374,763.8974545454546,0.6356363636363637
1375,764.5436046511628,1.2005813953488371
1376,764.6702977487291,0.6811909949164852
1377,765.3621190130624,1.2460087082728593
1378,765.5344452501813,0.7266134880348079
1379,766.2717391304348,1.291304347826087
1380,766.4931209268645,0.775524981897176
1381,767.2793053545586,1.3400868306801736
1382,767.5451916124367,0.8199566160520607
1383,768.3757225433526,1.384393063583815
1384,768.6880866425993,0.8664259927797834
1385,769.5649350649351,1.4307359307359306
1386,769.9221341023792,0.9113193943763518
1387,770.8436599423632,1.4755043227665705
1388,771.247660187185,0.9582433405327574
1389,772.2172661870503,1.5237410071942445
1390,772.666427030913,1.0035945363048167
1391,773.6810344827586,1.5689655172413792
1392,774.1773151471644,1.0509691313711413
1393,775.238880918221,1.6162123385939742
1394,775.7820788530466,1.0982078853046595
1395,775.8065902578796,0.579512893982808
1396,776.3994273443093,1.1474588403722261
1397,776.4670958512161,0.6223175965665236
1398,777.1036454610436,1.1908506075768406
1399,777.2207142857143,0.6714285714285714
1400,777.9064953604568,1.23982869379015
1401,778.0592011412268,0.7068473609129815
1402,778.7804704205274,1.2751247327156094
1403,778.9729344729345,0.7464387464387464
1404,779.7338078291815,1.3145907473309608
1405,779.9786628733997,0.798719772403983
1406,780.7917555081734,1.3667377398720681
1407,781.0873579545455,0.8494318181818182
1408,781.9510290986515,1.4173172462739532
1409,782.2964539007093,0.8992907801418439
1410,783.2097802976613,1.4670446491849751
1411,783.6062322946176,0.9504249291784702
1412,784.5704175513092,1.5180467091295118
1413,785.0205091937765,1.0042432814710043
1414,786.0381625441696,1.571731448763251
1415,786.5381355932203,1.0543785310734464
1416,787.605504587156,1.6217360621030346
1417,788.1565585331452,1.1057827926657264
1418,788.1782945736434,0.57646229739253
1419,788.7676056338029,1.143661971830986
1420,788.832512315271,0.6192821956368755
1421,789.4648382559775,1.1863572433192686
1422,789.5678144764582,0.657062543921293
1423,790.2380617977528,1.2240168539325842
1424,790.3887719298245,0.7045614035087719
1425,791.1065918653577,1.2713884992987377
1426,791.3104414856342,0.7575332866152769
1427,792.0819327731092,1.3249299719887955
1428,792.3379986004198,0.8096571028691393
1429,793.1615384615385,1.376923076923077
1430,793.4689028651293,0.8609364081062194
1431,794.3435754189944,1.428072625698324
1432,794.7048150732728,0.9148639218422889
1433,795.6338912133891,1.4825662482566249
1434,796.0473867595819,0.9672473867595819
1435,797.0285515320335,1.5348189415041782
1436,797.4961725817676,1.021572720946416
1437,798.5312934631432,1.5890125173852574
1438,799.0507296733842,1.0736622654621264
1439,800.1375,1.6409722222222223
1440,800.7071478140181,1.1242192921582235
1441,800.7552011095701,0.602635228848821
1442,801.3707553707553,1.1697851697851698
1443,801.463296398892,0.646814404432133
1444,802.1231833910034,1.213840830449827
1445,802.2538035961272,0.6846473029045643
1446,802.9516240497582,1.2515549412577747
1447,803.1194751381215,0.7216850828729282
1448,803.8543823326432,1.2884748102139407
1449,804.071724137931,0.7710344827586207
1450,804.8559614059269,1.337698139214335
1451,805.1280991735537,0.8257575757575758
1452,805.9669649002064,1.3922918100481763
1453,806.2902338376891,0.8768913342503438
1454,807.1800687285223,1.443298969072165
1455,807.5570054945055,0.9306318681318682
1456,808.5003431708991,1.4969114619080301
1457,808.923182441701,0.9766803840877915
1458,809.9122686771761,1.5428375599725839
1459,810.3883561643836,1.0301369863013699
1460,811.4305270362765,1.596167008898015
1461,811.9562243502052,1.0800273597811219
1462,811.9596719070403,0.557758031442242
1463,812.5293715846994,1.1236338797814207
1464,812.5576791808874,0.5822525597269624
1465,813.1521145975444,1.1480218281036836
1466,813.2304021813225,0.6319018404907976
1467,813.8746594005449,1.1975476839237058
1468,813.9945541184479,0.6732471068754254
1469,814.6802721088435,1.2387755102040816
1470,814.8368456832087,0.7097212780421482
1471,815.5591032608696,1.2751358695652173
1472,815.7637474541751,0.7576374745417516
1473,816.533921302578,1.322930800542741
1474,816.791186440678,0.8101694915254237
1475,817.6138211382114,1.3753387533875339
1476,817.921462423832,0.8605280974949221
1477,818.7943166441137,1.4255751014884979
1478,819.1521298174442,0.9107505070993914
1479,820.0756756756757,1.4763513513513513
1480,820.4861580013504,0.9635381498987171
1481,821.4622132253711,1.5290148448043186
1482,821.9211058664869,1.012137559002023
1483,822.9454177897574,1.5774932614555257
1484,823.4511784511784,1.0592592592592593
1485,824.5222072678331,1.6244952893674294
1486,825.0759919300605,1.1075991930060525
1487,825.0940860215054,0.5719086021505376
1488,825.6776359973136,1.137004701141706
1489,825.7489932885906,0.6248322147651006
1490,826.3856472166332,1.1898054996646545
1491,826.4932975871313,0.660857908847185
1492,827.166108506363,1.2257200267916946
1493,827.3092369477912,0.6961178045515395
1494,828.0173913043478,1.2608695652173914
1495,828.2098930481284,0.7453208556149733
1496,828.9672678690715,1.3099532398129592
1497,829.2082777036048,0.7937249666221629
1498,830.0140093395597,1.3582388258839226
1499,830.3046666666667,0.8433333333333334
1500,831.159893404397,1.407728181212525
1501,831.4940079893476,0.8868175765645806
1502,832.3932135728543,1.4517631403858948
1503,832.7772606382979,0.9368351063829787
1504,833.7262458471761,1.5016611295681064
1505,834.1593625498008,0.9860557768924303
1506,835.1572660915726,1.550763105507631
1507,835.6392572944297,1.0351458885941645
1508,836.6865473823724,1.6003976143141152
1509,837.2198675496688,1.0867549668874172
1510,837.228987425546,0.5625413633355394
1511,837.8035714285714,1.1276455026455026
1512,837.8618638466622,0.6113681427627231
1513,838.4854689564069,1.176354029062087
1514,838.5775577557756,0.6448844884488449
1515,839.2348284960423,1.2097625329815302
1516,839.3651944627554,0.6829268292682927
1517,840.0612648221344,1.248353096179183
1518,840.2389730085582,0.7300855826201448
1519,840.9828947368421,1.2960526315789473
1520,841.2136752136752,0.7830374753451677
1521,842.011826544021,1.350197109067017
1522,842.2980958634274,0.8384766907419566
1523,843.1515748031496,1.405511811023622
1524,843.4911475409837,0.8918032786885246
1525,844.3977719528178,1.4587155963302751
1526,844.7904387688278,0.9449901768172888
1527,845.75,1.5117801047120418
1528,846.1935905820798,0.9960758665794637
1529,847.2039215686275,1.5627450980392157
1530,847.7008491182233,1.0496407576747224
1531,848.7643603133159,1.6161879895561357
1532,849.3144161774298,1.1030658838878018
1533,849.3461538461538,0.5847457627118644
1534,849.9446254071661,1.1511400651465797
1535,850.0260416666666,0.6341145833333334
1536,850.6740403383214,1.2003903708523096
1537,850.799089726918,0.6775032509752926
1538,851.4905782975958,1.243664717348928
1539,851.6577922077922,0.7194805194805195
1540,852.3913043478261,1.2855288773523685
1541,852.6070038910506,0.767833981841764
1542,853.3888528839922,1.3337653920933248
1543,853.6522020725389,0.8154145077720207
1544,854.4815533980583,1.3812297734627832
1545,854.7878395860284,0.8583441138421734
1546,855.6599870717517,1.4240465416936006
1547,856.0142118863049,0.9063307493540051
1548,856.9341510652033,1.4719173660426081
1549,857.3361290322581,0.9541935483870968
1550,858.3036750483559,1.5196647324306898
1551,858.7512886597938,1.0
1552,859.7643271088216,1.5653573728267869
1553,860.2599742599742,1.0482625482625483
1554,861.3209003215434,1.6135048231511253
1555,861.8733933161953,1.1053984575835476
1556,861.9017341040462,0.5812459858702633
1557,862.4955070603338,1.146341463414634
1558,862.5689544579859,0.6260423348300193
1559,863.2076923076924,1.191025641025641
1560,863.3183856502242,0.6630365150544523
1561,863.99423815621,1.2279129321382842
1562,864.1484325015995,0.7063339731285988
1563,864.8676470588235,1.2710997442455243
1564,865.0664536741214,0.7507987220447284
1565,865.8301404853129,1.3154533844189016
1566,866.0772176132738,0.7989789406509253
1567,866.8890306122449,1.3635204081632653
1568,867.1822817080944,0.8451242829827916
1569,868.040127388535,1.4095541401273886
1570,868.390833863781,0.9026098026734564
1571,869.3059796437659,1.4669211195928753
1572,869.7043865225684,0.9504132231404959
1573,870.6670902160101,1.5146124523506987
1574,871.1149206349206,1.0
1575,872.1269035532995,1.5640862944162437
1576,872.6201648700063,1.0456563094483196
1577,873.6774397972116,1.6096324461343472
1578,874.2159594680178,1.09119696010133
1579,874.2335443037974,0.5702531645569621
1580,874.8153067678685,1.1340923466160657
1581,874.8792667509482,0.6163084702907712
1582,875.5072646873026,1.1800379027163614
1583,875.6079545454545,0.6527777777777778
1584,876.2725552050473,1.2164037854889589
1585,876.4161412358134,0.6954602774274905
1586,877.1235034656585,1.2589792060491494
1587,877.3079345088162,0.7361460957178841
1588,878.056010069226,1.2995594713656389
1589,878.2880503144654,0.7836477987421384
1590,879.0835952231301,1.3469516027655561
1591,879.3624371859296,0.8304020100502513
1592,880.2046453232894,1.393596986817326
1593,880.5269761606022,0.8739021329987453
1594,881.412539184953,1.4369905956112852
1595,881.7832080200501,0.9223057644110275
1596,882.7169693174702,1.4852849092047589
1597,883.1339173967459,0.9687108886107635
1598,884.1138211382114,1.531582238899312
1599,884.57625,1.014375
1600,885.6014990630856,1.5771392879450343
1601,886.1086142322098,1.0593008739076155
1602,886.0860885839052,0.5296319401122894
1603,886.6265586034913,1.0922693266832917
1604,886.6355140186915,0.5607476635514018
1605,887.2073474470735,1.1232876712328768
1606,887.2607342874923,0.6048537647790915
1607,887.877487562189,1.1679104477611941
1608,887.9676817899316,0.6413921690490988
1609,888.6211180124224,1.2043478260869565
1610,888.754189944134,0.6840471756672873
1611,889.4503722084368,1.2468982630272953
1612,889.6193428394296,0.7197768133911965
1613,890.3519206939282,1.2831474597273853
1614,890.5696594427245,0.7684210526315789
1615,891.3508663366337,1.3316831683168318
1616,891.617192331478,0.8169449598021027
1617,892.446847960445,1.3800988875154512
1618,892.7554045707227,0.8591723285978999
1619,893.6271604938272,1.4222222222222223
1620,893.9839605181986,0.9074645280690932
1621,894.9038224414303,1.470406905055487
1622,895.3062230437462,0.9531731361675909
1623,896.2715517241379,1.5160098522167487
1624,896.7218461538462,1.0012307692307691
1625,897.7349323493235,1.563960639606396
1626,898.2329440688384,1.0491702519975414
1627,898.2027027027027,0.5208845208845209
1628,898.7360343769184,1.0841006752608962
1629,898.7515337423313,0.5662576687116564
1630,899.3304721030042,1.1293684855916615
1631,899.375,0.5949754901960784
1632,899.9840783833436,1.159216166564605
1633,900.0648714810281,0.6309669522643819
1634,900.7107033639144,1.1957186544342508
1635,900.8337408312958,0.6729828850855746
1636,901.5216860109957,1.2376298106291999
1637,901.6800976800977,0.7081807081807082
1638,902.4032946918853,1.2727272727272727
1639,902.6140243902439,0.7603658536585366
1640,903.3893967093236,1.3248019500304693
1641,903.6461632155907,0.8063337393422655
1642,904.4674376141205,1.3706634205721242
1643,904.7767639902677,0.8588807785888077
1644,905.6510638297873,1.42370820668693
1645,906.0115431348725,0.9100850546780073
1646,906.9368548876746,1.474802671523983
1647,907.3507281553398,0.9635922330097088
1648,908.3292904790783,1.528198908429351
1649,908.790909090909,1.0115151515151515
1650,909.817080557238,1.576014536644458
1651,910.3305084745763,1.0635593220338984
1652,910.32425892317,0.543859649122807
1653,910.8827085852479,1.1082224909310763
1654,910.9178247734139,0.5848942598187311
1655,911.5175120772947,1.1491545893719808
1656,911.5896197948099,0.6216053108026554
1657,912.2261761158022,1.1857659831121834
1658,912.333936106088,0.6570223025919228
1659,913.0060240963855,1.2210843373493976
1660,913.1547260686334,0.6977724262492474
1661,913.8676293622142,1.2617328519855595
1662,914.0583283223091,0.7396271797955503
1663,914.8131009615385,1.3034855769230769
1664,915.0534534534535,0.7891891891891892
1665,915.8577430972389,1.3529411764705883
1666,916.1493701259748,0.8404319136172765
1667,917.0053956834532,1.4046762589928057
1668,917.3529059316957,0.896345116836429
1669,918.2646706586827,1.4604790419161677
1670,918.6600837821663,0.9443447037701975
1671,919.6196172248804,1.5083732057416268
1672,920.0639569635385,0.9934249850567842
1673,921.0722819593788,1.5573476702508962
1674,921.5683582089553,1.045373134328358
1675,921.5525059665871,0.5334128878281623
1676,922.1007751937984,1.0971973762671436
1677,922.126936829559,0.5750893921334923
1678,922.7170935080405,1.1387730792138178
1679,922.7809523809524,0.6125
1680,923.4086853063652,1.1760856632956573
1681,923.5077288941736,0.6474435196195006
1682,924.1705288175876,1.2109328579916816
1683,924.3087885985748,0.6864608076009501
1684,925.0106824925816,1.2498516320474777
1685,925.199881376038,0.7372479240806643
1686,925.9525785417901,1.3005334914048607
1687,926.1895734597157,0.784952606635071
1688,926.9899348727057,1.3481349911190053
1689,927.2733727810651,0.8313609467455622
1690,928.1200473092845,1.394441159077469
1691,928.4491725768321,0.8770685579196218
1692,929.341405788541,1.4400472533963378
1693,929.7142857142857,0.9208972845336482
1694,930.6501474926254,1.4837758112094395
1695,931.0754716981132,0.9734669811320755
1696,932.064230995875,1.5368296994696524
1697,932.5394581861013,1.0235571260306242
1698,932.489111241907,0.49793996468510887
1699,933.0029411764706,1.061764705882353
1700,932.9800117577895,0.5249853027630805
1701,933.521151586369,1.0887191539365453
1702,933.5237815619495,0.5502055196711685
1703,934.0903755868544,1.113849765258216
1704,934.141935483871,0.5988269794721408
1705,934.7579132473622,1.1629542790152403
1706,934.8482718219097,0.6373755125951962
1707,935.5052693208431,1.2037470725995316
1708,935.6342890579286,0.6758338209479228
1709,936.3298245614035,1.2421052631578948
1710,936.5108123904149,0.7276446522501461
1711,937.2581775700935,1.2938084112149533
1712,937.482194979568,0.7705779334500875
1713,938.2724620770128,1.336639439906651
1714,938.5446064139942,0.8186588921282799
1715,939.3828671328671,1.3846153846153846
1716,939.7041351193943,0.8677926616191031
1717,940.5913853317811,1.4336437718277066
1718,940.9592786503781,0.9144851657940664
1719,941.893023255814,1.4802325581395348
1720,942.3114468332365,0.9651365485183033
1721,943.2955865272938,1.5307781649245065
1722,943.7678467788741,1.0191526407428904
1723,943.7093967517401,0.48839907192575405
1724,944.2173913043479,1.0544927536231885
1725,944.2097334878331,0.5388180764774044
1726,944.7683844817602,1.1048060220034743
1727,944.7783564814815,0.5561342592592593
1728,945.3545401966454,1.1220358588779642
1729,945.4,0.5913294797687861
1730,946.0115540150202,1.1571346042749855
1731,946.0923787528868,0.6264434180138568
1732,946.739757645701,1.192729371032891
1733,946.8598615916954,0.6655132641291811
1734,947.5463976945244,1.231700288184438
1735,947.7246543778801,0.7235023041474654
1736,948.4691997697179,1.28957973517559
1737,948.6956271576524,0.7715765247410817
1738,949.4882116158711,1.3375503162737206
1739,949.7718390804598,0.828735632183908
1740,950.6214819069501,1.3946008041355542
1741,950.9575200918484,0.881171067738232
1742,951.8600114744693,1.4475043029259897
1743,952.2511467889908,0.9363532110091743
1744,953.2085959885387,1.5025787965616046
1745,953.6512027491409,0.9879725085910653
1746,954.659988551803,1.5540927303949628
1747,955.1538901601831,1.0394736842105263
1748,956.2138364779875,1.6054888507718696
1749,956.7571428571429,1.0891428571428572
1750,956.7435750999429,0.5322672758423758
1751,957.2962328767123,1.0981735159817352
1752,957.3320022818026,0.5812892184826013
1753,957.9338654503991,1.1470923603192702
1754,958.0074074074074,0.6188034188034188
1755,958.6469248291572,1.184510250569476
1756,958.7581104154809,0.6562322140011383
1757,959.4351535836178,1.2218430034129693
1758,959.6031836270608,0.7129050596930074
1759,960.3369318181818,1.2784090909090908
1760,960.5553662691652,0.7632027257240205
1761,961.3410896708286,1.330306469920545
1762,961.6154282473058,0.819058423142371
1763,962.4569160997733,1.3860544217687074
1764,962.785269121813,0.8730878186968839
1765,963.6812004530011,1.4405436013590034
1766,964.062818336163,0.9264289756649688
1767,965.0118778280543,1.4937782805429864
1768,965.4460146975692,0.9790842283776144
1769,966.4474576271186,1.5463276836158193
1770,966.9350649350649,1.0327498588368154
1771,967.989841986456,1.5998871331828441
1772,968.5273547659334,1.0829103214890017
1773,969.6319052987599,1.6499436302142052
1774,970.2264788732394,1.140281690140845
1775,970.2911036036036,0.6103603603603603
1776,970.923466516601,1.1778277996623523
1777,971.0258717660292,0.6479190101237345
1778,971.6958965711074,1.2152894884766723
1779,971.8533707865168,0.702808988764045
1780,972.5783267827063,1.27007299270073
1781,972.7732884399551,0.7401795735129069
1782,973.5356141334829,1.3073471676948962
1783,973.786995515695,0.79652466367713
1784,974.6056022408964,1.3635854341736695
1785,974.9081746920493,0.8477043673012318
1786,975.7778399552323,1.4146614437604925
1787,976.1325503355705,0.8998881431767338
1788,977.0542202347681,1.4667411961989938
1789,977.4603351955308,0.9513966480446927
1790,978.4332774986042,1.518146286990508
1791,978.8900669642857,1.0022321428571428
1792,979.9135527049638,1.5688789737869493
1793,980.4208472686734,1.0529542920847268
1794,981.4947075208913,1.6194986072423398
1795,982.0523385300668,1.1035634743875278
1796,982.0784641068448,0.572064552031163
1797,982.6713014460512,1.1384872080088988
1798,982.727626459144,0.6020011117287382
1799,983.3505555555555,1.1683333333333332
1800,983.4436424208773,0.6385341476957246
1801,984.1032186459489,1.2047724750277469
1802,984.2506932889628,0.6927343316694399
1803,984.9645232815965,1.2588691796008868
1804,985.1595567867035,0.7401662049861496
1805,985.920819490587,1.306201550387597
1806,986.1676812396237,0.7919203099059214
1807,986.9806415929204,1.357853982300885
1808,987.2769485903814,0.8413488114980652
1809,988.1392265193371,1.4071823204419889
1810,988.487023743788,0.8928768636112645
1811,989.4006622516556,1.4586092715231789
1812,989.7997793712079,0.9442912300055157
1813,990.7646085997795,1.509922822491731
1814,991.2148760330579,0.9955922865013774
1815,992.2312775330397,1.5616740088105727
1816,992.7352779306549,1.0495321959273527
1817,993.8052805280528,1.6155115511551155
1818,994.3595382078065,1.1000549752611324
1819,995.4796703296703,1.665934065934066
1820,996.0856672158155,1.1521142229544206
1821,996.1695938529089,0.6300768386388584
1822,996.8195282501372,1.1958310477235325
1823,996.9446271929825,0.6710526315789473
1824,997.6356164383561,1.2367123287671233
1825,997.8083242059146,0.7185104052573932
1826,998.5467980295566,1.284072249589491
1827,998.7680525164113,0.7669584245076586
1828,999.5549480590487,1.3324220885729907
1829,999.8289617486339,0.819672131147541
1830,1000.6684871654834,1.3850354997269252
1831,1000.9950873362445,0.8722707423580786
1832,1001.8870703764321,1.4375340971085653
1833,1002.2660850599782,0.9247546346782988
1834,1003.2103542234332,1.4899182561307902
1835,1003.6405228758169,0.9760348583877996
1836,1004.6358192705499,1.5410996189439303
1837,1005.1142546245919,1.0244831338411318
1838,1006.1576943991299,1.5894507884719957
1839,1006.6842391304348,1.0728260869565218
1840,1007.7756653992395,1.6376969038565996
1841,1008.3523344191096,1.1232356134636265
1842,1008.3917525773196,0.5860010851871947
1843,1008.9962039045553,1.150759219088937
1844,1009.069918699187,0.6200542005420054
1845,1009.7085590465872,1.1847237269772481
1846,1009.8229561451002,0.660530590146183
1847,1010.5021645021645,1.225108225108225
1848,1010.664142779881,0.7079502433747972
1849,1011.3908108108108,1.2724324324324325
1850,1011.5910318746623,0.7460831982712047
1851,1012.3558315334773,1.310475161987041
1852,1012.6028062601188,0.7927684835402051
1853,1013.4142394822006,1.3570658036677454
1854,1013.7121293800539,0.8436657681940701
1855,1014.5743534482758,1.4078663793103448
1856,1014.9203015616586,0.8917609046849758
1857,1015.8304628632939,1.4558665231431647
1858,1016.2275416890801,0.9429800968262507
1859,1017.1887096774194,1.506989247311828
1860,1017.6335303600215,0.9908651262761956
1861,1018.6423200859291,1.554779806659506
1862,1019.1347289318304,1.038647342995169
1863,1020.1909871244635,1.6024678111587982
1864,1020.7302949061663,1.0857908847184987
1865,1021.8333333333334,1.6495176848874598
1866,1022.419389394751,1.1328334226031065
1867,1022.482869379015,0.6102783725910065
1868,1023.1107544141252,1.1744248261102195
1869,1023.2122994652407,0.6481283422459893
1870,1023.8781400320684,1.2121859967931587
1871,1024.0299145299145,0.6981837606837606
1872,1024.7458622530698,1.2621462893753337
1873,1024.9397011739595,0.740128068303095
1874,1025.6981333333333,1.3045333333333333
1875,1025.9413646055436,0.7894456289978679
1876,1026.7490676611615,1.3537559936068193
1877,1027.0394036208734,0.836528221512247
1878,1027.8940926024482,1.4007450771687067
1879,1028.2324468085105,0.8845744680851064
1880,1029.1350345560872,1.4486975013290804
1881,1029.5233793836344,0.934643995749203
1882,1030.4758364312268,1.4986723313860861
1883,1030.9134819532908,0.9840764331210191
1884,1031.9151193633952,1.5480106100795756
1885,1032.4008483563096,1.0323435843054083
1886,1033.4504504504505,1.5961844197138315
1887,1033.9841101694915,1.0805084745762712
1888,1035.081524616199,1.6442562202223399
1889,1035.6613756613756,1.126984126984127
1890,1035.7165520888418,0.6023268112109995
1891,1036.335623678647,1.1659619450317125
1892,1036.4284204965663,0.6397253037506603
1893,1037.085005279831,1.203273495248152
1894,1037.2242744063324,0.6860158311345647
1895,1037.9272151898733,1.2494725738396624
1896,1038.1075382182394,0.7269372693726938
1897,1038.8519494204427,1.2908324552160169
1898,1039.0753027909427,0.7698788836229594
1899,1039.8626315789475,1.3336842105263158
1900,1040.1336138874276,0.8174644923724356
1901,1040.9684542586751,1.3811777076761305
1902,1041.286915396742,0.8649500788229112
1903,1042.1691176470588,1.4285714285714286
1904,1042.5338582677166,0.9112860892388451
1905,1043.46222455404,1.4748163693599161
1906,1043.8730991085474,0.9575249082328264
1907,1044.8474842767296,1.520964360587002
1908,1045.3038239916186,1.0031430068098481
1909,1046.3235602094242,1.5664921465968586
1910,1046.8262689691262,1.0497121925693353
1911,1047.892259414226,1.612970711297071
1912,1048.443805541035,1.098797699947726
1913,1048.4602925809822,0.5637408568443051
1914,1049.0407310704961,1.1274151436031332
1915,1049.0876826722338,0.593945720250522
1916,1049.698487219614,1.1575378195096504
1917,1049.781543274244,0.629822732012513
1918,1050.4283480979677,1.1933298593017196
1919,1050.5552083333334,0.6734375
1920,1051.2462259239978,1.237376366475794
1921,1051.4157127991675,0.7159209157127991
1922,1052.1492459698388,1.279771190847634
1923,1052.3653846153845,0.7624740124740125
1924,1053.1454545454546,1.3262337662337662
1925,1053.407580477674,0.8084112149532711
1926,1054.233523611832,1.3720809548521018
1927,1054.5378630705395,0.8506224066390041
1928,1055.4059097978227,1.4142042509072057
1929,1055.758549222798,0.8989637305699482
1930,1056.6747799067841,1.4624546866908337
1931,1057.0766045548655,0.94824016563147
1932,1058.0419037765132,1.5116399379203311
1933,1058.4875904860394,0.9922440537745605
1934,1059.4966408268733,1.5555555555555556
1935,1059.9886363636363,1.0387396694214877
1936,1061.0438822922044,1.6019617965926691
1937,1061.5830753353973,1.086171310629515
1938,1061.5920577617328,0.555956678700361
1939,1062.1649484536083,1.1195876288659794
1940,1062.201442555384,0.583204533745492
1941,1062.8017507723996,1.146755921730175
1942,1062.8754503345342,0.620174987133299
1943,1063.5128600823045,1.183641975308642
1944,1063.6354755784062,0.6688946015424164
1945,1064.321685508736,1.2322713257965057
1946,1064.4843348741654,0.7087827426810478
1947,1065.2104722792608,1.2720739219712525
1948,1065.4202154951256,0.7557721908671113
1949,1066.1933333333334,1.318974358974359
1950,1066.452075858534,0.8047155304971809
1951,1067.2740778688524,1.367827868852459
1952,1067.5780849974399,0.8499743983614951
1953,1068.4452405322415,1.4129989764585467
1954,1068.7938618925832,0.8946291560102302
1955,1069.7055214723925,1.4575664621676891
1956,1070.1011752682678,0.941747572815534
1957,1071.0597548518897,1.5045965270684372
1958,1071.5022970903522,0.9887697805002552
1959,1072.5076530612246,1.551530612244898
1960,1072.9989801121876,1.0377358490566038
1961,1074.0530071355759,1.600407747196738
1962,1074.5929699439632,1.086602139582272
1963,1074.5947046843178,0.5483706720977597
1964,1075.1592875318065,1.110941475826972
1965,1075.1881993896236,0.5752797558494405
1966,1075.7798678190138,1.1377732587697
1967,1075.8465447154472,0.6128048780487805
1968,1076.475876079228,1.175215845606907
1969,1076.58730964467,0.6573604060913706
1970,1077.2612886859463,1.219685438863521
1971,1077.4122718052738,0.6967545638945233
1972,1078.1256969082615,1.2589964521033958
1973,1078.3196555217833,0.7396149949341438
1974,1079.0759493670887,1.3017721518987342
1975,1079.317813765182,0.7874493927125507
1976,1080.1219018715226,1.34951947395043
1977,1080.4130434782608,0.8367037411526794
1978,1081.266296109146,1.3986862051541182
1979,1081.6035353535353,0.8828282828282829
1980,1082.502776375568,1.4447248864209994
1981,1082.8884964682138,0.9313824419778002
1982,1083.836106908724,1.4931921331316187
1983,1084.2701612903227,0.9798387096774194
1984,1085.2659949622166,1.5415617128463477
1985,1085.7502517623363,1.0302114803625377
1986,1086.7961751383996,1.591847005535984
1987,1087.3224346076458,1.0724346076458753
1988,1087.3157365510306,0.5394670688788336
1989,1087.8708542713568,1.101005025125628
1990,1087.889502762431,0.5645404319437468
1991,1088.4698795180723,1.126004016064257
1992,1088.528349222278,0.604114400401405
1993,1089.148445336008,1.1654964894684052
1994,1089.248120300752,0.6451127819548872
1995,1089.9093186372745,1.2064128256513027
1996,1090.051577366049,0.6875312969454181
1997,1090.7552552552552,1.2487487487487487
1998,1090.9409704852426,0.7308654327163582
1999,1091.688,1.292
